version,mean,median,std,min,max,days_over_80,pct_over_80,days_over_50,pct_over_50,autocorr_lag1,autocorr_lag2,autocorr_lag3,autocorr_lag4,autocorr_lag5,autocorr_lag6,autocorr_lag7
v1,54.096774193548384,50.0,32.53444824460137,9,100,9,29.03225806451613,15,48.38709677419355,-0.3477347312100953,0.3079037769526166,-0.2885737626369997,0.07906638665075293,-0.11711712732974085,0.06719456556789385,-0.06127811285197064
v2,53.96774193548387,50.0,32.09099964264929,9,100,8,25.806451612903224,15,48.38709677419355,-0.17666638830585032,-0.023358851695143422,-0.11700468281510217,0.032824512171414966,-0.0747848399494956,-0.04367620118380751,-0.354930506194014
