version,mean,median,std,min,max,days_over_80,pct_over_80,days_over_50,pct_over_50,autocorr_lag1,autocorr_lag2,autocorr_lag3,autocorr_lag4,autocorr_lag5,autocorr_lag6,autocorr_lag7
v1,49.529411764705884,51.5,30.335732799653588,5,100,7,20.588235294117645,17,50.0,-0.04387759804696074,0.06759775726349096,-0.04539981077896812,0.1060163889047485,-0.2795080923934983,-0.11345540343863253,0.14753448587396925
v2,52.411764705882355,52.0,31.61234669331131,6,100,8,23.52941176470588,17,50.0,-0.08873011157782955,0.13666170250847282,0.06566435296782593,0.18433218013017236,-0.27877110631468316,-0.050571522244182064,0.07414447980351156
